,feature_12_0,feature_12_1,feature_12_2,feature_12_3,feature_12_4,feature_12_5,feature_12_6,feature_12_7,feature_12_8,feature_12_9,feature_12_10,feature_12_11,feature_12_12,feature_12_13,feature_12_14,feature_12_15,feature_12_16,feature_12_17,feature_12_18,feature_12_19,feature_1,feature_13,feature_6,feature_29,feature_22,feature_51,feature_81,feature_86,feature_5,feature_44,feature_3,feature_38,feature_37,feature_55,feature_0,feature_79,feature_89,feature_75,feature_95,feature_99,feature_7,feature_28,feature_80,feature_70,feature_92,feature_42,feature_85,feature_78,feature_26,feature_68
0,63.93288019819249,10.895182291654198,-16.202321375118025,77.19557503886288,-77.51705347747541,1.1827637476864417,99.52754339569123,97.57508166943882,74.82299977377903,-54.365762602347445,25.4069988686861,6.471342016867359,35.67862283544181,90.58576751988363,76.95458156678521,54.34488337469388,27.112282237723335,-46.143924775003256,-95.72808056220632,96.0107382823297,79.0816987990015,29.674297117013875,30.155161470761087,-72.20990648970259,80.60564599867739,16.61769977935098,-25.31138091616492,19.43390949304022,80.2728068790301,43.99180694170516,66.44233041685001,-30.069303125457637,-23.36626731890684,-79.96164586011288,3.700405238166116,-7.161545232310811,95.61499149590472,28.90235674406166,69.65769747015545,97.41405292772669,98.7866228694861,4.277189317364062,-82.6445894533911,98.62726476328393,19.54157060102314,67.6285416444674,-93.6903826509021,80.02968062951858,98.75990323964156,28.382645948622816
1,61.98215100794706,9.708156277153943,2.339409738626178,58.33251343898719,-74.55651999193981,-0.16739095425267747,95.99750274762289,85.2828623505771,91.5163091749755,-64.57950946404085,21.087915048505593,-7.628258167776229,15.369682150820381,93.73317690505961,76.8538748439592,62.41103486931181,26.168728162777192,-48.48435607817398,-98.9185558462485,95.31685508669253,76.70270846543426,21.679638662989937,23.66048485327051,-54.83864122126609,75.81031739899694,9.122664718638136,-17.625960961191797,12.41817658649508,78.69668991620412,44.50044586173129,71.22088473983239,-26.57776298755712,-29.099025647409913,-86.47874487408696,-1.9499695011419593,-7.492723289147271,88.78988518536526,22.118510548555278,74.91832128619109,99.61910207194906,99.83838419975532,-0.8587942306791764,-95.64586479482257,97.43064682964415,-6.99022891166188,71.78041502440684,-97.25124696422999,79.21906661710766,98.50620182037562,16.84671626519997
2,64.46386016624187,2.1322864179852274,0.23524962248341552,65.18243918134534,-73.35600165681609,-3.4637585480655293,100.42786163569559,85.1692062930662,60.772809615090466,-70.81024427288317,26.485224433983507,-6.263069059921529,28.126747166520882,91.88204866934511,86.16135057789785,55.76676196737393,38.637350343734326,-49.082309005581976,-111.11764975520067,98.02768574748072,76.9024241618542,26.215868797740328,26.032318090126076,-60.36229592158903,75.40747865732347,9.970397148574216,-22.434112700827487,11.327529534240043,79.84138357721609,47.14490215709681,71.89921604861735,-15.878334102660098,-40.787740331083356,-89.08538963033936,-0.36478058805034497,-9.563294838106039,98.5363798633651,24.826309201277386,87.68556254640079,101.13370943009697,101.28086819099113,-16.35756493227063,-93.20678562329974,100.15503207968098,-11.032887184907914,77.40410968488347,-109.77709605580203,78.74463443132458,100.82580215587981,14.589994609698572
3,64.2680727249885,12.790883785036609,-1.2075905539229732,52.849288111687024,-79.35363156948922,2.5060971344093974,92.25812768775023,90.79736721130136,72.68859129448566,-75.67875669356225,26.036847877926864,17.034948803716127,22.646098828477772,94.1905660523207,79.52066088264085,57.40157585635935,45.43991360337443,-57.16617946611925,-110.95606495557512,80.76663046829428,79.65192622270965,24.949831633378057,26.063370297666097,-63.26528106489465,81.45918836900975,29.933107122799974,-25.849850928020203,10.528775536823257,77.90652180038023,42.14823535360676,71.1384776376616,-20.264083200318428,-57.41430829872127,-62.81945760651472,4.19139734058324,-12.370241388616888,88.07549142722958,26.101145781645467,57.798214431953774,92.72991677999624,94.16882959814541,8.99553663853018,-93.4661794273686,94.89711110607901,18.592603275340092,64.03246211635984,-112.95008859943222,79.78106452123166,94.93608271926124,25.14387436378601
4,65.79363414536039,5.906377408644863,3.7167880350751723,70.48516626623693,-74.80068058610419,1.212094874209293,100.6652539175188,97.36629029657729,92.09812947059103,-61.88251490340069,21.38228474441387,17.64506216793454,42.59309234368084,92.67994867917187,79.30863631613747,58.016661854013876,15.03057120069338,-49.1580512061203,-108.3939631501691,91.77710963989524,69.82214434284286,21.992216707985136,22.283181144179345,-63.990034389178966,71.03137979537924,27.059908696688968,-7.39346800676023,22.164332108999012,68.36929140040776,45.76182703866722,67.36272728932106,-24.025767773714882,-37.10656778381785,-90.28486045540825,6.6735624357732135,-10.852740855158213,97.0460157558407,22.467539316629058,69.97002074885131,95.42539624038649,96.00055375071875,6.057450018474962,-87.97719765437434,95.36081450198456,20.134744962709235,67.569187790842,-106.66252762402866,80.86602930060168,94.89915839454689,35.901381763420055
5,65.6338861610109,28.949950887104123,-5.215808272447,77.06597030097913,-73.68423443471966,12.156786977943648,94.06618537938884,91.09906195993926,78.95716806723614,-58.1968596618943,19.65585988130168,6.5924313736431746,10.712120688944289,91.97197618357706,75.1442642089558,55.996787791439424,27.771078447121525,-50.79563821596908,-102.88645757544363,87.84767048369795,72.94547293265482,25.831073818665313,24.952692440494697,-56.94587679934661,73.55956199111952,11.432914698349038,-10.028390967081718,11.736545180333849,68.85911981875566,38.08926554281207,68.0074244860795,-32.37498607751733,-40.15560678809078,-89.09527867606378,-0.09832376416476807,-12.020331266431336,85.43290314800822,24.153964911269412,52.43457953490787,96.3092128843449,96.33350821815365,-3.0212313119768113,-77.38715528081194,95.65731502064934,-4.969320319272967,62.88314142270911,-103.61592813962964,80.03315143651294,94.74386423346519,18.082919115625536
6,64.65414985754299,5.625133399439434,4.777563298439026,68.76166913761661,-82.59890733846316,6.502278935723203,98.85366189976776,106.79359518846456,70.57137586724185,-74.31365173599433,20.717611986659037,13.22643501389527,24.967849050441664,89.12001465654208,77.3314491919226,56.60051574476509,17.720742429727775,-48.20143911901298,-114.34400284555821,100.9089382013337,72.64936881275395,24.436289526730974,26.138792855066683,-67.84418486988524,75.91204723409888,27.509703123493914,-18.03799451885424,13.575245253332255,73.5254562103043,37.26032709978754,59.70331069552484,-39.74153099390243,-46.04377425613864,-99.84465584089023,5.252975577448207,-11.141693609122843,82.6433371705846,25.294495574713963,60.23058815566217,96.45403232223947,95.4586822070259,0.9404915948444095,-81.22244605256469,94.5045745040267,7.085724475919065,63.91799841293328,-111.16779178282317,80.16780817575055,93.83571049247547,13.743488268020656
7,56.04807468670714,21.01947343175474,1.671803308432204,44.36772358786321,-74.1774568196319,-3.907084916030205,86.64896190890312,98.82824472406399,81.75296713059716,-65.09517545607919,21.611939801345237,12.87232236610213,25.87853368308518,94.43503801396686,85.32820334885321,54.48262618880524,15.403730294576821,-48.4019881463486,-91.05035064433761,98.3812085807136,61.1457363399404,24.598144166180997,25.321915000893043,-58.613101180607515,65.90979990054866,23.253072500019186,-15.210418853722993,0.9891390803757165,63.888591050362386,38.54915423594631,61.88731606016774,-17.042261581413936,-36.8276248449419,-101.29916216278633,2.427840700425994,-11.088216050027873,92.47479046254783,24.392165596493555,64.4056003756691,96.09837927293286,95.53208861835002,9.006576117298474,-104.37528662585001,94.6138247777591,12.91700193035242,79.6903564742985,-93.24228138426598,79.09952011969108,94.57277349851586,19.212509078857614
8,71.30038423515069,9.068102641601865,1.4370438071506926,52.898279526253646,-81.72004865094858,-6.628191310069305,101.6888440302464,102.70413466216563,69.46402826299153,-68.36823867498246,17.645012737654067,8.1792908905214,32.09099820631778,92.22950708584149,80.87623259332624,54.429084903737305,24.379877135532098,-51.65163020505969,-103.46408712935323,97.71209192154701,71.99088723498012,21.438556791781387,21.30003695689939,-55.770736121732874,77.13057086354985,23.533383675547697,-11.98600818889225,21.972254071432314,68.84843075883647,44.0657899346325,68.82790277343703,-17.030155351258173,-45.25912941075978,-96.56246204912152,1.3181537426139385,-11.391655097090961,99.21004019282991,21.100102653887788,66.50018483149319,95.45590030164404,96.4719090861034,-4.33002774288526,-89.98986474461638,95.2512469842334,13.613766482451588,75.33047792724528,-104.75803683239207,80.51581123246528,97.10316728289921,24.921564819634742
9,64.88571974630246,20.974492957507678,5.076985912610717,66.3289682589239,-74.2266009014099,-2.2242596221528066,77.23285183960243,96.50855896504669,75.78353084642863,-70.57740310795286,24.05050764052626,9.596626680803682,28.180201948490982,94.17576620125264,84.78999490469423,55.78062464603454,12.092627273175786,-42.76722510125124,-93.09945687911741,97.48091587521652,81.75930398867851,24.23495861923447,22.046826358682292,-61.765290505978605,82.71116947120728,14.266500231672637,-9.706702706796735,19.78089202803501,80.21403231122795,39.04049513179286,64.86323556015583,-16.38734234361449,-37.95886662699806,-98.89818927781434,5.032932754373043,-9.82080096578436,86.78789799171508,23.62057576642335,82.00302248661647,100.09886102024919,100.50131724564103,-0.5553614378996116,-73.54672067582551,101.24816471328383,12.370909394983936,71.15419754958818,-92.54883438869244,79.87540896396311,99.78091248558243,28.29333003237485
10,64.89674357768968,12.62843213843695,1.9744576335773685,83.62189241162764,-70.79224257450954,17.17483764975342,100.38011166839134,102.51631216907853,78.62475502204073,-66.21842754014466,21.57488040856545,-14.257440088434311,27.468466651744023,90.86976885713689,79.2576187750043,57.59409171553675,33.36529683315941,-49.361703629129885,-115.8296787292561,91.57756310749002,69.96362897508705,24.320491413792666,25.894624136742248,-67.73468973416922,66.54229552575916,-0.7950229977421763,-16.25032253140271,23.82866572439706,70.5439061902105,39.21807809059104,73.55410259324097,-34.053521633790865,-40.95314272978313,-78.25551976077533,-1.2915030506442573,-12.277760812952035,95.10141231251224,25.64724230530608,63.02482415315801,98.4958784251557,99.61024144612227,-7.267584247982977,-86.11003090209144,95.99561105376586,3.4054178763976815,60.91689430013731,-116.59474796381139,80.18833525202241,97.01642157947211,17.274845104842083
11,68.78464807799295,14.175728733144535,5.769160577569293,70.57839264589934,-73.3823290682771,8.36229297408217,89.07254261407239,97.03529621682817,82.85363042599366,-54.9949209189229,18.877632308196645,22.174329446414482,35.05972097984997,94.92275377962403,77.56977213622943,63.935845905783054,35.930012357411435,-44.48271673523181,-95.54833774936226,90.97721829424142,61.04406237155794,24.88744730078848,25.534513735379683,-46.00347550412181,66.29900506728666,29.308721320836625,-17.895359144191403,21.495701406164013,59.43402932816675,40.21567201616761,72.43184376011708,-30.50840764973855,-31.018862209031088,-80.8958026642435,6.17802191165821,-9.338309895032287,88.7645695051084,26.4322344911189,69.28145147692254,106.06523614225185,105.58333372272084,-0.7890457920808156,-84.95232169736033,106.118385975419,22.348037190251198,71.92432447332091,-94.27221214477616,79.83204912208922,105.24792432011662,21.414172102160236
12,54.49478767475725,23.08002223111987,6.805298572393658,62.93052218248289,-69.31394412683277,14.848556907444078,93.21726453470282,90.1006331914431,81.53347077736031,-54.9948319514143,18.41106659374561,9.937854750242122,16.920670646171978,93.00417085360904,78.17919077699133,50.690223601658175,26.239950152921487,-44.61483963697985,-92.45485126572265,97.03184297104616,62.69577743149584,29.043278019850884,28.625863626348114,-65.13677628889441,65.60916149513253,18.623262454770963,-30.508411440844142,14.055809212988235,61.282864126372345,36.66364562377258,63.49597838695024,-20.043129835964503,-35.502465870586285,-95.30393276355053,-0.4348951383973274,-8.715320988002649,85.79899310434358,28.294977792287725,60.20602407390554,94.2737747049933,95.35283221328801,-6.460186535612773,-97.11286211248323,95.2589790295826,-13.763075467476199,81.76989650955878,-91.84250686218998,79.49368977326064,96.97584442804765,11.048814530806442
13,58.640840128165415,6.734304293040996,-6.657961067700027,70.30990514977546,-73.60051437335507,2.8825821980001396,89.19787199201038,82.50819799414342,94.93223624825956,-66.22469019255566,18.45210129032001,15.89478603889183,26.438521145462623,94.42271272983535,76.07256276593554,57.324127112956575,44.04055510825742,-48.475873701860934,-94.01494376710745,98.59993601619443,62.82741911005175,26.715025393171473,27.076855595301076,-67.08025505291413,59.988555014006856,26.032935341374504,-30.828520394117085,7.157180749803164,62.32477887257237,32.67714356287052,81.59905858804056,-27.081068753784862,-29.104828941583797,-66.49144975956051,11.608405322072606,-10.276791780244881,91.65992425632923,27.335077348908506,70.26811073886304,93.69432290489137,93.77815695599064,4.638075949441752,-85.37657230397987,94.27821921618313,25.99334369942518,65.6933883595168,-92.37458863883664,79.15322259497387,93.9057064279774,28.717381475398746
14,61.29670440797374,11.904616047682605,-3.477856060145993,58.71594275466401,-80.34300211567955,3.669556290330509,86.30931112220674,85.9323879098309,73.36508596611642,-55.81336278539546,24.82700478891188,17.148400385532632,34.217483807920374,91.4486196300196,79.33855585959543,56.12623716803418,38.715482670833836,-40.255761279215704,-81.78014289274009,103.65502844229806,73.17993645526487,22.536742920762045,22.961108100881958,-56.04255733276005,69.61818049735443,27.05284419798714,-14.051557040024246,18.12742752102124,72.32826401226842,46.16736223762511,71.8005862344881,-27.901468619852203,-27.38336900447132,-84.24605067879567,4.332990899408475,-10.569047595483177,95.8317825200271,23.355749936651367,72.0518300470545,95.56584726879997,96.12644981739196,6.219926730391898,-70.41661960092897,96.89594709613934,17.356835310201724,66.82158279537575,-84.71791515121198,79.88324258704677,94.94069003567104,29.087287428889333
15,65.64761479790862,8.747474155826573,-8.213663031579275,68.57083027443977,-77.88696758141806,-7.772772477966134,95.58958326197306,82.19518123171764,65.12651507587185,-58.32709296053928,26.149466153601445,9.314343009009015,37.35368587248901,89.1991991244589,83.65841645278348,51.94400527093711,11.6593782365347,-47.78337919288377,-94.70226932837487,93.98124486597122,80.24548508796852,24.758181099527576,24.175129255761412,-72.25284325239029,80.25485661939868,17.45388246525338,-23.92591537352893,16.434350926376432,85.20054892542505,48.24038608633646,63.45408891174329,-11.51047103595705,-33.31392513624547,-102.32441711955843,7.241739297202619,-11.814836638345092,93.06577489279803,22.20292259054268,80.40733953127236,91.34811607074751,91.8446068500277,-4.227455012720933,-68.09410488335685,90.99361460780226,5.026225153426676,78.13904462193963,-93.5972014995342,80.25261947411924,91.27531890320058,21.661372416146417
16,59.545294378829084,8.694186779154878,0.3623712497130418,75.01704017433582,-79.18173162616948,-11.587243438948908,85.0367129172113,95.05232042655601,91.94286814510104,-64.23299729560682,24.386140828169346,-1.8593057788240994,29.427145869631442,92.80771559021576,80.23430476784432,55.019431403980754,20.68277209530072,-43.54322437080608,-96.53379393846905,104.22189449633386,61.78684244564033,22.87221777875058,23.34194430118671,-60.33380076714215,63.06700601270151,9.077896383155993,-21.492071201264178,9.391559826024544,60.62623475443354,40.092320961631785,54.72798009922374,-10.2912103699531,-36.88861670004196,-99.51630611362968,1.8419484696952213,-12.391120208265995,99.8859527975199,21.40554884485719,70.89464976617039,99.29162070077373,99.53177666684238,0.8873690071869917,-86.86598067222076,96.99426627290535,4.59995810527687,74.19636113257991,-91.52218071461792,79.30060862112599,99.66475429950188,14.936356972784207
17,67.71810827008568,5.158641608646965,-0.7766014769641796,70.99229743846088,-77.40469876919252,8.327444066489406,93.01292638592768,86.36296362858891,69.79935300046458,-56.97197530307228,23.301027550880868,12.912175575421376,24.450074491750605,93.23794643308048,81.76949886740293,55.88257677512693,43.33947984691303,-39.06276175450711,-91.1297622462788,86.93361387037663,80.41390453093202,30.611632041300442,29.15296734613394,-65.00512310113282,84.02220972904786,21.911854281831722,-15.84183722605711,21.999549066098826,83.45051538906847,40.15677085619909,72.75149231206078,-14.34207072304119,-24.04397977069831,-82.17898093937562,6.508019018020981,-10.990647924868808,82.0117546612384,29.130823732075093,56.956849704688445,94.48478642056894,95.83211691591265,6.429976944737891,-73.2896826575349,94.5760649242476,17.844567200416083,71.51952151059837,-93.7637689705647,80.5456883623498,94.20860587009365,25.150488468773332
18,62.14920569530374,6.448642468082623,-9.60557525707266,65.95776306459759,-73.26779392321932,-0.7682918625427329,90.3860922448042,95.77692594556477,82.36582942819535,-65.67294085319901,24.42838158620917,-9.45562153146107,26.23750104053022,91.44485862439979,89.43662471561889,55.488493897669365,36.43748956333475,-47.35693634761581,-86.9709402297674,94.74776176410468,67.28558545885187,22.123111628723574,20.85249500833943,-67.24446634155292,67.1451131231178,16.22880147162759,-22.90560431629046,23.292712921835236,67.13583091840052,40.382823320604196,72.5305901421941,-4.06714307146126,-36.044164891179655,-86.96826668368738,0.14362232768615257,-13.779699129019452,90.6635896085708,22.80381101539183,73.61594075584465,96.1274901488105,93.58503951641548,-1.4131840678190555,-66.50190220256518,95.41834077779046,6.314036534245343,88.69414648668365,-86.76337188320748,80.25863337085468,95.61272903369762,11.880536920143953
19,70.66458100491147,18.19521505880109,-1.0108825811187454,66.71403102445504,-77.66184546253382,11.132886777904499,103.55735619583884,87.88364863131804,75.62496322164789,-66.77595421638735,29.796673018818144,-0.595635563260517,33.37866815173629,90.50388803801923,85.45158327377412,55.70693398085604,30.472486507498616,-47.319796176662805,-96.97559235541875,99.31599857165617,76.68547785323624,26.184136818541617,25.91908453935984,-60.083036543487495,79.7308059724282,15.091315150982684,-21.22288105823023,8.936450269001565,76.76683027818977,38.49200456788574,70.28248257420144,-17.509638267939117,-31.401957080348947,-92.04862828368275,1.5081808021699983,-9.672958851944568,91.36498962245804,25.935695924133125,65.70745434127849,97.9587127009024,97.74065104646306,-11.063819749076107,-102.11495009045775,98.11474547309345,2.8716296409781306,73.05798819785717,-96.30298619287547,79.65423735295806,98.36511224440684,10.548122034962635
20,65.20402056141904,21.10497233684498,4.2481351636366895,60.61675996667728,-71.99874972671444,-4.259861246617302,101.26409363800039,73.52629604919295,76.81202203508658,-59.76326387831562,21.712002714337984,19.853354261899558,36.38764097032697,87.35129951484718,78.81319164270458,54.68041457224555,41.04110829730356,-43.786483041479464,-91.83985623188443,104.4016580223272,69.37457581127677,19.819366383918865,20.10807205462051,-64.06785059671672,67.33593692576834,30.689604150958353,-11.127812775297539,12.287087872011742,67.2624960237017,35.697745542311566,73.3653886491541,-18.83842041083303,-30.461460627631208,-90.78289121698631,10.57328756856971,-10.416186634631371,89.32326198866319,22.319532707774556,57.74728501031237,93.04182490260195,92.2630343494108,7.398768658004117,-86.54133154258146,91.26051100328604,22.09446748735492,69.16623246713604,-85.76730652972323,79.67397830332075,95.27699042311443,21.42677785165514
21,62.909063598827856,2.1405488511062716,5.570379056737427,70.88862983526309,-75.08987359551914,-3.7255170507977535,98.34954788648287,87.11206411290878,75.5994840535698,-63.9781366482609,23.617357064289127,21.454847274019365,26.664334936202412,96.66575422638735,78.63680175851476,57.174959776640385,28.627270511131584,-45.195064049692526,-86.82293185617337,92.87619719243283,70.78950895004863,23.61157720083788,21.51771751542415,-56.474444724082595,74.73347681913259,21.681450262945607,-17.28998006591146,13.679389469160569,75.85541471185485,40.20950547229262,64.71081648215667,-50.00939347576484,-36.435417618206074,-88.42847027829418,5.349684360693399,-11.315956103218141,85.08028501978232,20.13164544361283,78.83607545604802,95.14442303568929,95.59356193832399,9.812375884530883,-76.39303429000047,95.39234376271362,12.445335771418975,66.23612568340644,-87.11746214671018,79.95995709432587,94.71958742017603,18.55047957441156
22,74.97283616704212,2.0025915462387465,-8.100158174017771,64.02254394873381,-74.84112598907991,-2.492348942824494,88.705735150103,83.55124333035116,78.84729171137143,-61.120128360594606,23.215320591421957,6.674401654473887,33.04424716804948,97.2110456799728,82.95204100326922,63.13502377296703,23.48868511685698,-39.314550503372466,-78.88754771783104,95.71364197452856,79.31118916268916,24.44332663425289,23.490191088745522,-51.53261627410147,79.23447594934252,26.65993502159619,-21.51233468059293,18.494873319477723,83.05523745992572,35.965316337639074,59.470138373874654,-19.806959142186756,-27.364570900856428,-94.1579505438215,9.121537430194223,-10.186965035232838,97.6512280613879,24.366529935541973,65.53367165022628,101.57528005437588,101.44259363438195,4.896343682167198,-74.24071618705217,103.8747486782469,11.678242018623916,80.13106928251918,-77.89286600855733,79.70954938354997,102.94504427028107,25.905680062549376
23,65.79994834525036,-4.125541433230701,-6.3948703868904015,73.23275716942707,-76.66386293257122,-2.277058284371134,96.51090950078982,104.84603667288137,74.62371606223952,-61.24980701119992,19.469999177715856,8.141522100890079,24.720388120399875,91.58899830212297,79.70196284143674,59.45892087753846,33.65449906262368,-46.13106722660547,-90.5500035436271,95.0590299542428,77.3447782725816,24.063847186406345,24.59125522293988,-60.940048181429596,75.1200388528755,23.230316148260364,-4.687004652636935,18.289730290266835,74.91360173488128,39.97479543880014,62.35436167346243,-10.84123008786645,-40.706998919807894,-95.60321938012804,7.847914226276398,-9.419631318460588,93.68421495329545,24.490072047335154,60.81148961772242,97.84570862883317,98.10715934572046,5.4882829397090935,-83.95531840087557,98.2792241078641,21.194841390226873,76.09800116676045,-88.84629584250233,80.00474316694842,98.47254543553976,31.105868672572257
24,56.17201149179006,10.982885538195308,-8.101566800395982,68.97023105266322,-74.46776795449445,-1.7467625295422398,90.83449624447802,94.93566865372343,61.30391377951094,-73.80435317712131,24.343237920038334,-11.490363095878859,28.9603534257919,91.74217702172328,76.77723027040699,57.11876075800801,48.38447977875586,-42.782393500555884,-86.60138382734779,92.81139953427837,82.9672033483016,23.1031833540713,23.47844128340679,-62.11155232625944,75.2771279447062,12.901939297604859,-24.92693263483799,13.771091253729045,81.54254886958792,51.82688473523507,69.21262212641221,-34.30101867660782,-26.71028196076697,-72.88027480372742,2.842722165314612,-10.106436126247285,95.2425435226041,22.644048407771535,86.04071062729516,99.23135107181028,97.40579475424117,-6.074612329823034,-77.23945880805668,97.00865326610517,-1.8308955365627302,60.3028602445165,-84.55161664881365,79.40912853279079,97.59830009638272,18.477201643086236
25,59.91296157748302,-3.3665743077795103,-5.305704449322249,62.55449291078373,-72.44554459324638,-6.549748326818971,77.89410790789842,93.97939331832711,72.16882820852494,-61.92093876569129,25.713039546244747,1.8710699397481836,13.208196006971631,91.36840511563491,86.14994614495262,57.07424562703818,39.351233985177274,-50.37829119723353,-105.4238726619712,93.04508046067166,72.8199749385099,23.689152591378175,23.411634886671383,-62.07466749486647,69.1572924353188,20.382310252732495,-28.70867849653647,11.719743961344658,72.34547195387074,40.492259822403575,67.61893451954663,-12.298776993768616,-43.86839515198471,-85.90108840028219,5.086452076449987,-15.318784479708093,88.70978668808608,22.643850206405396,68.50271434383475,97.14457868701102,95.1513601238068,-4.889660392962102,-81.7490715978342,95.78449710975956,8.448250016352127,75.13032940714574,-106.11093871428554,79.45507269040951,97.53843989269797,29.02194759176279
26,65.39893532489269,8.117703435856253,-2.8849832453440043,61.232047266813275,-76.44674474449126,-14.137000598138858,102.18241176106632,94.54109857929154,87.53546725873683,-68.57622494002842,22.76060895405163,10.301148438941237,38.679847419184654,93.13452425930933,81.8344128811929,53.515408800813006,13.352333106212136,-41.28824252187152,-96.52120529673944,107.72416192341467,63.887817736855744,28.29658672299422,28.449136757082133,-63.62546652915322,54.83082872281454,28.507340451944593,-12.93532438370993,27.100323436479762,62.24680942117208,42.35605539468998,62.81368540772508,-26.407616605746412,-30.531789684914763,-97.89918891516795,6.765377499096777,-8.19619532578708,103.577219807843,28.72558794546246,63.617827455556345,95.86493721371582,96.4165899416018,-2.69839807583616,-63.87247017421265,95.43088508571107,4.642596368273411,73.34604951203484,-101.07131026002513,81.05300782332615,95.66940980937812,17.60245885263091
27,66.05666741825891,6.900519040279642,-5.693906801716768,64.51075322195905,-77.4721161114275,7.071703618230157,83.246439447516,100.03785988079788,73.67218833369864,-76.1565351589113,16.19109666741172,5.4546973181703775,30.8137124419464,93.87970658694013,74.8374038010885,59.91296973345575,28.34205063220697,-47.58487279771016,-98.95606293374126,108.26378513351914,60.97758088156819,23.850919099547664,23.32441326976015,-54.038151968862564,56.64779418196835,19.876797666635312,-17.657705985080547,11.307618210542156,56.03507079626958,31.56807451848491,58.94225303599071,-37.20224599510495,-30.636184796906825,-82.67389527670011,4.3039551553425754,-12.582743638606953,98.45698147586467,23.36141261081212,63.16979258821467,99.52853813997919,100.05702960738259,2.62679716915714,-74.42388118759833,98.97936243538099,8.17151426767854,58.83716551678774,-100.44622264607634,80.61694963195684,99.31003637290632,26.77792615271185
28,67.59839990894149,11.89034009451524,-5.4624754484714,71.5902910086418,-68.45511056296618,-9.01342487003347,90.47246827481929,95.1950440409232,88.92735467269253,-61.871903691990894,18.18849292209435,8.484365447824821,27.214399317283082,90.72121215507151,79.6065979781002,55.47635520290256,30.035904351696487,-42.110757858662595,-83.82239551719016,90.07549459782469,77.09516180643033,24.914503308669374,22.40100503792375,-63.606927743611024,72.14941276109961,24.097897696690588,-19.182107802540155,14.933112404302166,73.93945342708557,40.109795037563416,66.32326394844212,-24.049632891572237,-22.755557699965834,-79.38140999170426,3.0578879396842074,-9.999674784929418,93.3614150564087,23.24271695307835,54.52993874472848,98.43848693027847,96.47790500467934,-4.234402920137477,-85.05502380016092,96.97287280635528,7.525785209706705,77.93642111636257,-85.70512540134901,79.36340184781524,96.73336632033946,23.412071301153652
29,67.73965410419328,8.730800335575088,1.1412833021593434,56.58429811648133,-77.19514320619216,-10.248249057895192,91.64299354626,91.1814685005355,77.42199069063501,-69.20312821941864,24.501101903902303,2.928339700726462,18.61976350263255,88.65995429546446,80.15608228529551,49.77135010230403,22.90218634321149,-46.21460007586371,-98.95571388462814,81.94203036728945,88.00056780192347,27.99397142105361,28.41292226106408,-71.43269847876338,85.25139015620707,32.61215054430121,-6.092539987423079,16.05591736814305,87.54374502654561,40.10968576288181,67.04449104608817,-19.03723244857064,-33.82435200238401,-77.52974242310141,7.513199001240901,-8.377053244347495,90.00989495149992,27.120330363844722,70.3886162026025,100.11505667051996,100.08603345384805,2.232773897366029,-80.93415526628795,100.8570167495351,21.358745626680687,68.65011359152248,-96.02460800549098,79.13050020230422,98.93426149229764,31.859307774466142
30,63.889158785494374,7.375743265505909,-6.601372451863159,78.90452947654795,-71.9234168697546,3.0700838666384676,95.03486751862155,92.71941277267086,73.4383608122651,-57.45248871886854,19.631503458445465,18.38511582071022,16.68965536319383,97.39380556697473,82.98602901418174,58.3117032334501,17.52011444227718,-47.29973474130382,-102.89941622129304,91.08284934273325,80.6918325725198,26.074367477073235,27.634345955068223,-50.212754690755766,83.34350466942004,21.87768688318847,-12.740266589207234,14.448769109228847,79.77966662524261,43.856105732876635,63.07456288680406,-18.660189779373965,-34.71763166829589,-88.72014908392377,9.752193982869393,-7.264333885096871,89.01819095681493,26.605426128200072,80.49301501179379,99.72387313827606,100.30257229521233,1.3808663054689045,-74.36873105505917,98.92074283803959,8.64112551894734,72.58519453761603,-103.26579888039238,79.72545063417859,101.21534580510425,20.19588268340676
31,55.975396482028756,7.315980369345117,-7.318109949175229,73.23272904164081,-71.86824011693409,13.240796096108845,89.83190660513378,78.00045109995692,85.22386249552702,-63.66162161476867,22.36235775080162,-6.15887808223693,32.83423069203371,91.51890583918035,78.06745538224651,54.6018446553166,29.670803046195033,-45.708640433217845,-84.75134160332428,95.7751231286386,67.31534970840774,22.5776627352953,22.690631679812675,-53.62334322747833,66.39600526445355,17.378874406977715,-15.588591226887718,1.764517661618159,69.65245036994983,35.197101503226655,70.97581623296344,-31.55434565964645,-23.773648338580408,-79.62500242238292,-0.6193701672286425,-10.642742785875933,97.76762152764604,22.927128615427392,68.90738883334048,101.02320556878374,99.29407081059951,-7.861072729335167,-106.05187877489954,99.01651875341484,17.53947246853268,67.00338009322945,-80.06989444757123,78.79549067183899,101.48613727968116,19.254426193845074
32,61.709019006088404,6.67738629941818,-0.7752450856374637,73.3741143666325,-74.67555655482074,15.325800046624387,103.64181931861056,94.8119237868373,83.94321006547656,-46.13385569064448,23.241015729207568,10.942761671699511,25.405443366076984,89.10127868064272,82.56800199375219,55.98705914598567,37.378142997461396,-47.003875919644216,-90.48694268497648,97.11602998205817,67.82253066562048,22.635913116815452,22.752297717719227,-69.51624423963933,69.29230558761937,18.244311581680037,-5.919382620070284,13.678889462858606,69.06789232565852,37.21794695026319,68.68712655408898,-20.316784327726836,-36.47600952494132,-79.16157734315426,9.53356995117321,-10.796981765179147,88.48386224595437,23.445576544865858,77.61990033630028,91.97675970888116,91.76538084906959,-1.7761924193564798,-90.91121931904648,90.49098513201535,18.36792175363191,73.90286307579746,-89.2184435225785,80.8857226313908,91.31110156798138,9.144362110327883
33,65.59422834405554,0.3035124401204028,-8.249321787793235,67.57440085315312,-75.38555412808644,3.184309811561388,90.61487351220075,104.52778302442806,47.64305851654002,-76.72922449747378,26.63935212968971,6.915050659891763,49.89901466747597,95.38416598470435,84.97420290495914,59.287751393634224,33.25923233190085,-52.7383663122368,-103.13942248326504,105.2428493846528,82.74153899450978,24.38741222357568,24.941984590149655,-59.17876755864958,87.20794170578031,14.197440532660169,-17.98248255282724,15.483758909737153,85.67370655170545,39.128224328635454,68.6093556317356,-17.25630023531364,-41.96503873697303,-76.61128260221369,5.687889527113028,-9.26494352052053,97.55394580445017,22.168257936593015,67.42118991003368,102.18656332265245,101.5971002471658,-3.44441562619968,-93.40463619736016,102.5341518781985,29.313373023457384,85.61112857800666,-103.4105493527809,79.20242799932267,101.51476545088106,20.654726677500584
34,64.62360137345614,19.88611968682175,-3.9190122961019576,63.982781479174015,-71.58619206640954,5.922767226659367,93.90399384416753,82.07844303955349,71.7856668910748,-63.78636239396875,21.904864686216722,7.700953317790703,44.217212441194015,96.21236856343519,79.72669358903714,62.69869706823914,38.52879295763659,-51.62081375437175,-102.46413262314029,102.85887347232234,75.11448969101832,26.086675597091595,26.74903880735352,-57.51186945937178,72.24653446112717,22.314788320920954,-11.591192648763272,10.13079167296948,76.8984587462068,42.13066651600881,64.71337412267637,-31.429143537984224,-53.11992954244669,-88.49707136117952,10.02004270332626,-7.008015139113747,97.22821226207758,27.419599043425013,72.92714744614106,102.97982329470963,101.30326813014395,-4.625555885285359,-70.47899790026257,100.81657697406693,20.666226917101145,67.4308782924948,-99.22793272591234,79.33621043400736,101.83605743261788,28.075137295760673
35,62.34512674390717,14.10172862927677,1.9490673867864965,71.49266120453944,-74.98796559266161,15.930707838867642,100.78115768922017,102.20923831791207,70.93691663243268,-66.09269710644477,26.295312462248898,5.289253928985923,30.872399347715863,91.23796723407159,84.43812370738485,51.71534576761317,31.958232790009625,-38.46234985147859,-82.59209243336801,98.70399927209358,77.19002425102728,31.30637414321552,32.16301085170911,-70.34292389548011,76.1657719172756,16.996747697101966,-21.506756718552246,0.7777423851749958,74.45789866636494,43.309956986188716,69.27126787618937,-9.7757514922403,-27.059827714943836,-71.72894219883221,-3.6653702155710306,-8.454566225470735,87.92247417908595,32.30399051881542,69.78273894799136,94.1484847033913,96.33667344809975,-5.951809282989362,-83.10873542091635,95.76654196100219,3.1528611002395186,75.83416526193892,-89.45038895417954,79.2348706734834,95.29843391347028,20.405706627444772
36,60.629730562359256,12.891082370384659,-5.3072683775256575,64.31455274845855,-73.59250630544983,4.362654284027308,106.14675077235688,93.13789834601909,80.743647518118,-63.527969880996885,18.281483154093515,-1.861253534266071,32.36386388237717,92.39162346280261,85.35951998249531,57.50024706131238,45.685607672023046,-48.949416081387405,-102.67063238883446,90.9838805147051,60.6790675943048,26.621049197917866,28.727683272994476,-59.14087599227239,58.633846830236386,12.215121187425472,-14.914884164397947,11.165450580022682,60.0939109997788,37.728704737860845,76.11441685519148,-23.045638771714863,-38.61226923801724,-64.87543591806526,-1.7252557626822398,-9.300721860858392,92.8861451798282,28.83515361372748,61.49080351064535,96.22703959225967,95.2920380574014,-4.103887088619818,-96.30542279564423,96.46168281622664,2.765302325714079,69.99539435685215,-104.18250340950311,79.19442540433802,95.25658554131286,12.049311325898655
37,65.0149072142936,-10.29467348477979,2.1051046655786623,63.80234608588794,-77.6189371902039,9.819977661161172,95.19431378263137,98.93074259244155,82.28604986082985,-64.91903867255536,23.09122477655767,11.163770971861494,26.307619170815215,94.36681489478404,76.92447151825188,56.14261083340589,45.595941134782805,-40.854630450093175,-79.56069375836316,87.68620804942,70.96661793524959,26.073885109523978,27.4320835208875,-63.53283628454308,71.9545537101593,15.220766195346734,-22.411770979453735,23.530909394026438,70.33732025569444,42.68527459713468,70.00429139529383,-29.155493047781952,-32.44005720148625,-71.41254410597803,4.0485901501914485,-10.997015509226706,89.65568391377703,28.04024714477513,69.87833261681558,98.14473839054544,98.74550761881808,-1.0308447974889101,-81.46861113218885,97.59037321456665,0.23002488342539884,71.9217319134482,-80.96333578499764,80.50125296196656,97.59644067832596,23.685693017124876
38,61.390707974697285,3.266725865620697,-5.224736053286115,78.87608015106184,-77.86208572545195,8.242726041721523,87.27010827877868,95.36072186177509,80.3195344434014,-78.36213566144231,21.546589621150286,12.36381424850184,30.63394313316097,94.22143629695397,78.57002346189323,54.272337135582596,30.71578258654994,-43.4247174257716,-88.33073936783117,100.86871509855835,77.32456192465978,27.520620371797122,28.21153815848622,-55.62202455279814,82.51825950762509,16.788189385810487,-19.071993899588556,3.6464201311587487,78.2245697319278,38.82993810274398,66.87258800209757,-22.92367655781585,-37.93936991220192,-81.69267571413772,-2.6149739047168117,-9.876144666013273,91.6827108767004,28.26356600352034,72.35634559780883,102.09520062947621,102.72635836640939,-3.2209385257759124,-92.13861705264245,100.60821472001848,9.39498149523129,67.6140602245507,-90.27818930279061,79.77143050956086,99.80717437443819,14.780107179255548
39,60.342002763499565,19.791326614423994,-5.3928446734784306,65.73275726309653,-73.19582510026693,10.73878402073396,86.46389066182994,97.21482634682779,68.82698089425021,-57.05362765196602,20.0091823203408,8.806510903825922,42.12742370208794,93.53728783417903,81.33410657092536,56.96624361291747,41.68844661270144,-51.61964225145236,-90.58133976972053,93.79714871693409,67.91562277490611,25.329705222126417,24.98252139968794,-63.65530987246479,65.34801674808617,11.52845045819129,-15.112387895958298,15.706185026405514,68.47131665072386,34.73720460865117,62.49972018211003,-23.08292839333611,-30.66071617721364,-85.0160587662026,6.284031904002303,-10.804010429055827,92.02683855269277,24.177537697941702,63.51843360037675,97.96343684999417,95.65027508023225,-1.8683372904931017,-94.1542768799841,98.86339634071099,7.279519580603905,78.98319453182908,-91.10527784544391,79.20632247175897,96.77214477088732,16.80548076287427
40,62.18356091476873,13.135358105078994,-0.1500831214923002,59.687005816609165,-77.27330809020894,-14.374955248681186,96.79018574763614,90.86248269742127,61.53277400181334,-73.58961987615561,26.659463169266456,3.984127858206108,38.10152765648918,93.56890960248712,82.55526981444089,55.82698914409585,22.889874538670682,-42.27013709664479,-92.91249269116314,102.87949235096757,72.63996034641025,18.806214668500683,17.710958767228178,-57.58568030463085,74.5353713997372,25.060492238398226,-15.77796433401954,18.42165865570502,74.96688525732613,39.50980830360129,62.78434044363686,-20.356586173571,-32.54254558035508,-103.73141424084845,3.8119121493797565,-12.877394715095495,92.80461728754216,18.394677472046183,64.84136608610568,93.24293288243791,93.06622892142553,-4.8805927163369835,-82.8909463504991,95.05497296504284,1.378619453198695,67.67768491303639,-95.01458912055155,79.72004823709403,95.25610451442013,16.83915126603553
41,70.67406876159045,-6.142665050947622,2.6711189902156063,63.16895413923711,-74.8175563795075,-2.352307731263151,96.56573571339712,93.69683663294533,79.24645018879366,-62.35742324964238,18.252544848881183,19.17255137791029,19.386767456698472,94.87655277430504,79.0735189974703,53.94083187603256,45.92310339847043,-52.58129361409408,-96.48652597004092,93.04616570948374,62.5803775115224,25.34643367906311,25.284340450452707,-62.36632176559177,59.02914277914793,21.04723644903545,-18.89746581723913,18.080856231528987,63.25843218232536,35.282399107143405,66.44214949241848,-26.28504292763073,-36.2632301010613,-70.24780064505258,6.010694543341774,-10.491621795931938,87.45800609295173,23.476362458364353,71.90393057626225,93.65216231776327,96.55287385797872,6.250149554422146,-82.00025464224748,95.14764365528774,14.185867364802764,76.6027601582062,-96.61326207125079,80.3726907425672,95.25038281417773,23.86464675904847
42,67.07690108612316,0.5261315015480914,11.157229613300652,78.99086561720081,-75.50931750110529,6.770669866910305,93.48956530047293,95.34812166885281,79.90328534412045,-41.33644368331237,20.890861940487074,-4.029752843519054,16.473774693446124,92.56295702530497,83.7393506246854,56.177593895712675,40.706761737724975,-48.55432756684324,-93.20925396807941,91.16176358624776,68.86526833887321,16.949256520286685,17.654249915770002,-57.55139529547648,64.35927939791634,7.309031898367133,-17.468010653403994,17.199592486452893,69.34324701978187,41.72660929601746,66.3355666564153,-7.5848294970950185,-33.247286508475696,-84.73510902523229,-3.2179257516771624,-10.717252022317718,87.73015934754314,16.638422004636787,74.23519693730623,96.98266422928822,95.11813970282847,-5.083222870352159,-65.65181195865495,94.7883101071942,-10.028485577402702,74.77519017281847,-90.61998249562609,79.62033660964286,93.97161629533493,19.197400534788454
43,68.8712514653797,0.6901247711257019,11.225921524258785,55.95814592493635,-76.30628573766242,-15.7882937297321,94.40391759123837,96.82727221059042,80.9334777092898,-60.39225561345843,25.394138373214144,14.918693757922533,25.10620184327822,97.15451262286876,79.31204747790213,56.963254472509846,43.19059406955776,-47.022343839267236,-85.77384128314904,99.35188679280598,67.58597765073061,27.996053344652033,28.643895826983297,-62.22127120135224,68.09073552763407,23.933997385745982,-19.16473689537051,20.671763824346176,69.47324670324308,37.30661882078622,65.7729371698613,-28.790888025805046,-37.13962194885141,-80.01503232537414,1.358164866344072,-10.382503350166935,99.51536694352585,27.05044653952201,58.014957134149725,94.59499461579142,95.492001572768,1.4478549444492779,-74.79643592109402,96.91649222591047,22.62980039508487,68.24915246056067,-89.91699515471615,80.53497236977717,96.76752722972057,16.27378785645458
44,74.19449191527801,15.165095792943033,-11.189951149266369,83.68643992334486,-81.0756349393205,14.161094428866063,104.58932948189019,86.56675804473338,94.20397435626927,-53.01611914464817,19.320772018379614,1.9617543466520893,32.660814399757044,90.56722033071995,80.65399612101069,55.94937475328611,41.305509732354025,-43.68821396906666,-92.22751900752282,98.37654504095241,69.53970831318414,24.570977445693,26.47691110412368,-64.2150396196348,72.08737141427495,13.306362621321917,-20.60619459902463,19.48206196200468,70.44539166583803,40.23955743156325,67.28792031688488,-8.467713970435685,-18.66160277872084,-82.78781787517447,0.0817486457294394,-9.425204091493136,94.00544266026749,25.42329814250817,64.66881172659147,97.71125244182242,97.55201679687198,-0.713982911317882,-74.88450133690598,97.1899162611259,-7.531937336035888,77.76012094024101,-92.16969078603984,80.70206642758365,96.4069786374512,20.473555748418637
45,66.79394703921436,6.889001563160071,-0.3463758239098331,67.95223617436271,-77.7211173042516,0.9880484114069852,94.90728199538394,89.33683366839549,70.90742345534764,-55.90395288248462,23.821468614971014,12.32418518607398,22.105839616812386,91.1910124370987,92.51277603604797,58.652211304510786,27.57789761996051,-43.3265221205058,-79.80440172344956,100.51323883458333,77.75703222590903,23.11501224267552,22.19266373740563,-58.7281061935778,82.5439364554188,23.203793451551036,-15.733299899935652,21.256348253663113,79.04339717085195,40.41150057633069,66.89928690211397,-11.584525357470804,-32.8642380932585,-80.4365714145794,2.642353130345101,-11.18140666668833,95.43098156807218,22.79839267225516,71.88658683586888,100.49127573912654,97.82466470101821,-0.3913911163329695,-62.01934792649741,98.45337976741808,16.863004671716205,88.61030819334543,-80.87187930403282,80.8877854385738,97.97886305258959,18.731780356450905
46,68.22931504276477,4.25582024987491,0.8001137361968484,67.2194924944688,-74.38874920944698,12.77320217746128,87.94740038627513,93.56836917610441,86.94992798940214,-80.93043317276494,23.94267094492829,11.468654951513685,23.524674453493553,88.66568922383803,90.32149515793883,57.943654735031835,31.926771227540936,-44.84226518246656,-82.88997975109942,90.74666277328956,74.08564364011889,22.559321320612792,21.60745786956712,-71.6482322756651,79.25154571498537,25.632552572094962,-19.188394067200264,18.16826907334463,75.47117901960462,45.35697474173841,66.62867194621992,-1.805863613789903,-23.381237423368972,-86.97136255289868,14.361743591243046,-9.500956000007502,89.27512059594144,21.09269205582793,74.93052430176367,96.92713220878454,95.84570253520872,-0.7789059928017217,-97.71733038229982,96.41413613236944,16.331806198234574,79.72999499541986,-81.65094434500693,79.52191180441108,95.84298109566468,30.720047326407773
47,66.7535782389236,22.884913188163573,-12.951432512021423,66.93223131974578,-78.26836468499693,-10.113380069048853,90.216966815241,100.32178617169511,104.84934803356639,-65.43026758599827,19.37544082890428,16.473635424744955,7.845613031903735,92.4510345364197,81.16781246030496,56.14048409274,6.999478881897915,-49.89451637111118,-107.22554458064641,88.30151500460482,55.948120098845386,29.869528908433004,30.68263629529026,-64.5158595255023,56.1592908424398,13.341496459631578,-18.79420500506713,17.929835903214354,52.333187497698944,37.54713808479286,62.84108318870065,-15.554644071342334,-45.783530811639295,-93.24682288136735,-1.8572627006406357,-10.627678342452757,88.56498129807079,30.284737155247605,62.791050774749436,98.35874663513219,99.42554919969463,-7.5353015366234315,-78.87393252986193,96.88107685050119,2.028492965308928,75.80368305225146,-103.1157524738175,80.13850443786184,98.70242272765655,15.482635986968337
48,59.17205839723116,14.684612216353381,-6.938600592502163,62.19522589392574,-76.23206363434262,-11.158792805491144,77.02506844127984,93.76078708646453,79.89222911920427,-71.92981121857994,27.11337524050473,-1.3846619295641283,56.2992839613466,89.39031899168982,83.93948716552654,54.756523506630046,37.27109089407566,-46.87069701729002,-89.11928819661206,113.53847407760138,76.56077883608295,22.48912008737926,21.53009279817264,-73.6342326330151,80.54653693991992,8.95357040050086,-19.21559140900947,15.176438475207581,79.28029068093485,36.28676091457814,65.61198322252356,-25.715103599696405,-30.314939167815965,-81.46232878790639,-7.72420180868987,-11.417879961689565,91.5263797328666,24.970347115718226,67.02594380210645,94.391646304703,93.17162737757835,-22.65572666531237,-68.76324753452062,98.91109210800288,0.8620667609431703,74.8800067585019,-87.10210023944263,80.36345883292672,95.09032403634573,4.323145086333355
49,55.66835923730921,-13.395893533211659,-7.884849682414497,61.00934608224773,-69.53574430695006,8.24907266914904,92.54791605783784,99.79871094019305,79.48607254716151,-76.47665315202627,23.47686445824358,18.499820645142673,34.941681617869406,94.28042348816024,78.06523883902524,56.7815907095189,35.95354286939619,-39.90937202074125,-82.78099538141673,103.23666325121627,77.4611351975389,24.84900771857005,25.870326052787306,-56.04893642811419,70.70303355498255,16.253362232969174,-19.51444680880559,20.856989060339053,77.9449034100634,35.99253164529103,71.59806390381681,-24.798497852688154,-17.86962139724619,-75.47049133476057,10.79847189469802,-10.003258982545855,99.64160414958964,24.36247566180934,67.56007015758017,98.28545011649258,98.58460757099576,4.001958182416797,-71.04177792399013,98.84201858652327,9.429906648252299,73.56390510955922,-80.52373170334326,80.1218486003067,97.86283296610436,24.99143696638159
50,61.3875502323417,-3.0930102389005754,-3.9650529697835575,71.89932539216791,-77.66182582539139,-2.8780405606065695,104.33820131266859,99.60460798467986,68.78332929626394,-65.75574239377404,23.400241514118353,0.3570563535486899,32.538336456786055,93.95596515033189,78.3728106892561,58.96855178421225,36.276972714666044,-43.06251007696737,-85.97422642567149,101.55709917131901,65.03536983225683,27.04365924734644,25.88132484971515,-61.17132819962328,62.431497821535686,10.244469676943291,-20.190864263110686,17.643053444584147,70.50035552521535,40.29919988390513,67.09223657377167,-26.724849676856984,-36.376028854237056,-79.73638326849898,-4.673440598895844,-10.273419429733408,92.5972989081676,26.584372968497423,58.31638091034685,96.843446830555,96.38586090906755,-8.76817067269814,-77.98487719632587,95.79463075419075,10.286949572855285,71.29980265063105,-89.54782604561365,80.1512779232006,97.25411602028991,19.335102118779087
51,67.99856824990263,20.85074396771372,-3.886717763419513,63.42606151415506,-72.97603982374368,-5.0912055608713285,99.9260411089218,89.59128603066215,73.73577835708866,-66.98176542435397,22.480150440971897,18.554091358855437,24.931275503555113,91.4013678299909,82.8539794500862,52.91813664791637,33.72381908358779,-52.90437210435792,-102.73896303063486,95.48864920113803,62.06084381469975,24.307801900287494,23.8878906818369,-65.88117548133842,58.79740686079138,25.720122052655395,-31.24119437466978,8.840295071136204,60.789081632340285,40.862464136190255,77.44085049774145,-13.051071951832137,-53.96848506692368,-83.02034296212918,16.140185751465538,-11.115447625183085,92.61872118954619,23.452346074313855,61.23693979496126,94.2752596859657,92.81850700247132,9.458657671389474,-87.05756349226519,94.21252019807854,28.505723891613826,78.97833027922584,-100.3682545589983,79.5538569364265,93.20522178539073,34.75012621054281
52,68.53725323872852,5.8546264433362385,-0.8431736831059466,66.3258622143061,-77.36419129883556,20.077027897366126,85.66403232402212,83.75403812785294,75.83124746422945,-61.94045920113189,21.903766965202827,5.563317285942555,30.617405790673157,93.03255866796093,86.69685276982024,59.177455448112866,39.67583526444952,-43.47113477463607,-86.59468277213671,95.02101769031995,78.06584537620205,30.172707735984115,27.04387489626641,-52.34016395305294,74.98880094609308,14.839266861156135,-8.281295823667351,22.11239400925636,73.87865104651333,45.865184394858,73.11295695490523,-20.185881065479485,-31.27685797835949,-85.37409182390411,1.8688090332219096,-12.619801237650805,96.29669539102647,29.183636132506194,63.06536978579202,101.1355390116387,100.65025633084709,4.319807704535856,-83.68237258726377,101.47814633353623,1.320197605949616,76.90754657329151,-84.55132028146207,79.3774287955946,101.97169930792376,19.473168764755837
53,62.40426497363548,7.464552466004752,-6.0327499973736485,65.7732387270369,-73.21563043143898,0.18147334323694553,89.41047301217769,98.0652181451794,69.29303212448409,-59.92092175762073,19.91891961176031,13.387549656476319,40.5493705699027,93.48091928882755,85.10363548456283,55.991088588041364,45.8434256689155,-49.46445615633106,-91.66254775452794,101.82194564024597,79.73109019461768,23.840977529835897,23.554203231932206,-58.74166074502403,74.61312484201139,27.851071987459452,-18.72567132255592,14.030675754197471,78.3692736860331,47.1693256236924,66.10664765464008,-17.940711622350808,-29.81048645269631,-82.01842129210091,12.646673874427746,-12.834678100051757,97.35493274860377,24.45329698517613,81.07177910664537,98.90068046434881,99.69908542332674,6.6225466961868555,-76.54727074821258,99.91797178808426,17.74288886905384,70.6977912954359,-90.76678565639943,79.28683810412052,97.43079733471963,29.3338386811159
54,64.40983824675621,-4.341180537751972,5.15290554075338,75.03889461295468,-77.84657959490897,1.214448491810428,92.04169361374069,89.80689793839728,90.14442722170254,-73.13200012448053,21.055576226761982,12.2746318984798,26.12397051891852,89.7533414943185,75.74266615198601,57.647391078149,37.232810474542056,-42.03635001603259,-89.13695233505334,91.69221535745488,56.52202076563384,23.330061757056853,21.713251045489514,-59.848174176301576,63.266175760619774,17.839084110076687,-15.091530552342062,18.899314376284405,56.10343083284053,38.20061657231982,67.7397425663749,-26.9403074966107,-28.02423769114379,-72.02411667089541,9.809881325566241,-13.032032571184093,92.00861512919992,21.540195231169747,55.09278504226822,93.11793092144333,94.30184645427444,4.474644239491014,-79.15873738718417,90.69358077988993,22.44586901465213,59.991741050360424,-90.70175495738151,79.48446124329486,93.99475085716738,20.736672626283337
55,71.29363251835298,-7.377393006993302,-5.347157477466041,80.81722268470858,-74.44865649456126,3.851335314816305,95.43873037050315,89.19655817236966,88.02488052240629,-58.81393481757751,17.752290375092382,6.371136617095554,35.04194620971527,90.84945728120248,83.83459640406868,50.56682578943472,29.416330751864322,-46.43700953225026,-87.65772917568661,96.77999740224706,66.28796578697711,27.5745504757412,26.532363749995845,-72.56784637117849,72.83788669086755,15.481981835635766,-26.085286332069096,10.172431901290613,64.75968909284187,37.51351852884389,63.56544388981239,-15.81103596997201,-36.69739159530274,-87.6242341515755,7.344737392275908,-9.819263040353357,92.92022727453845,27.10745481462974,71.86943139286613,93.80730198585397,95.01616086094411,2.7391687261937245,-71.88581884395973,95.71961317009105,13.503628771704529,68.04260171493985,-87.78513956511541,79.91852600980509,95.95342790802474,24.23769570220803
56,70.04737028147689,18.816233834571293,-5.899221085987401,73.24069974632619,-70.0994183271663,1.9003914578488867,103.99154677814028,84.08073254862587,73.65262408041443,-62.64844091550495,21.274809366973532,1.5213409863351828,28.76108971868843,86.79139508924492,77.02371771439978,52.633159098230685,25.264482399882063,-44.964517993558815,-100.21300889274201,95.30291347397589,69.32803325926346,21.650928176063964,21.198467467435066,-74.00858822435913,67.48550966533446,14.348585655934414,-15.738426482346593,16.099482796408243,62.72182238207854,43.41637597784848,70.451332419224,-31.566206965361836,-29.037615061464408,-84.89729911195731,4.701037337724814,-12.046739055375705,89.83666783306813,20.39023991776645,68.21207797121639,95.94876247946617,94.41617674260462,-0.9424381185116621,-67.56296374682623,95.90752655029641,-7.081356303409489,65.52518030518992,-99.11680207809654,79.56574032353082,95.33874222029806,19.87507879778001
57,68.96070559542494,21.064610078728066,9.336685012737316,69.63041023070414,-75.67496826960328,5.321215071051592,93.03657115141257,80.66754389827857,77.91391918098768,-61.48251836410069,21.32457664885054,25.402292454634022,19.502555665501852,95.43889433139968,90.0389877453043,60.70530690618194,35.571840646255154,-40.56740367163281,-83.47483472645416,103.36568275120335,72.94040218684627,23.93740078160449,24.36749443325925,-50.71573702678489,73.91617772359234,19.3930144143872,-15.932966498237747,31.08900784503497,72.14611999470876,34.03924048945681,69.08161075941406,-8.970445052220619,-27.8290309765375,-84.48691377072254,9.220445228458612,-10.121097842838383,93.13030032121733,25.069091873389183,63.119486695402486,102.68605159070694,101.03891282433176,4.838982431128575,-71.91864259283773,100.46022785575546,26.046929528490086,73.849093934065,-87.55438239117397,80.78502453658369,101.2996415115041,33.131587989885205
58,69.79189107513767,-9.22247131942843,-3.1336834514880385,60.17291249908797,-71.42859306039223,-0.8950970377100913,94.23854860064336,91.10019617939042,66.37100202142136,-53.0741516931415,25.160439825972116,3.600206750415273,22.690815118049027,95.10889140107187,87.01979173256423,60.749827421177486,38.935876169879535,-41.7033618060792,-93.29545285746256,96.987002648911,63.92489418295466,26.736620894003337,29.0139971262643,-56.281533019339676,66.07907658163353,5.965480091401769,-27.293335144847646,10.649318972629727,70.81415973298813,29.34277183787838,68.24667005737454,-22.33401635440564,-26.093279861561662,-82.2390566368919,-9.314555389027458,-9.767854235024997,91.20677134014709,26.74155395559503,75.38839049869686,97.17374429124298,97.26678897149333,-10.824429917876847,-95.50376152367672,98.87904134340009,-4.182364891094927,84.98710992089997,-98.01842483279269,80.35420747539281,98.18982949879458,10.78076492681317
59,70.50280175430338,9.02716874023703,3.3901006944414016,66.2904466723742,-84.63000434803719,-8.64343615960877,79.5856953095058,97.86839125420768,61.278716369489814,-61.81810437840247,22.508516811627988,9.014473528173664,30.354521163759173,92.98854642844182,80.73022326707589,58.067296212852604,36.98078954376181,-45.1712770303058,-92.54991261876113,104.61260460750289,74.25465474246981,23.431162971665014,24.60930656002091,-64.23619342122718,71.82550821761625,16.312647189173752,-18.45483145684482,22.915579498092896,71.09042120580881,42.38386599575178,72.75424135954314,-28.612764304966262,-34.10322541574756,-71.25403980159832,1.7244316335851746,-11.149762290646464,96.89509827788802,23.70252958091,74.36448046549798,97.49642600842107,98.14481754774023,-0.10625575434649459,-81.90666038949178,96.74377364851178,5.522957631310214,67.75670573996216,-95.51564864747338,80.5341685475205,98.16415183710522,14.098775502265681
60,71.40584008298323,-0.253340244433776,-8.38017218707359,86.76952659783316,-69.83327236029679,11.178712964154462,93.09623211823727,89.36905583066874,78.15549655112389,-68.32192896638819,22.363766693078013,-8.35511986710851,30.943786093820137,95.10449631898355,82.68155634210673,58.630677242786874,30.763270802457914,-44.07452280350862,-88.15297722361089,101.46807584564571,78.1826443720278,28.93399933603626,29.019651949509377,-58.47673451134951,72.58408703988893,17.35375807877644,-22.9037924304287,15.479936417498331,75.3545059308867,40.89833403257346,68.0948773462699,-13.694156817113193,-30.487423869890666,-89.51587995135434,1.5769774546292359,-11.010064917839742,92.18925285963506,28.9306840318707,68.45046410648594,96.55256247480476,98.11866921765181,-11.374190800747883,-78.94897000436028,96.20526342863012,3.2170843187577542,70.54666499740308,-87.89307146252179,80.12518156290336,96.76649700725214,16.610519494722233
61,60.60455153422287,20.975248636868834,-2.4112318994640227,64.3360228602837,-77.96505204316634,-9.437325318087431,100.35716923016616,91.01825007972786,89.83413841581599,-62.09359425914882,16.060259464664732,12.605327783408663,21.516455583154624,92.89601850228709,83.29980784426141,57.14518910733123,36.994087301545896,-47.857038357466166,-94.0782321250391,101.76940125813522,54.99778499534542,27.295084403560843,28.153675114520425,-57.67767785709923,58.27416071947185,26.40458574026103,-11.553205721522998,12.131926920705313,52.42646945654561,38.79041002272817,64.30210174881947,-14.441319333462062,-37.26928791832272,-91.23210401720505,7.205169793975301,-8.975025052747096,90.66140686778988,28.183211259007123,51.71397897988162,99.83108780798145,101.31936744461132,-2.0893676056127006,-80.21716707697918,102.08280192447882,23.75166865508607,78.35142900607511,-92.87286606718808,79.83309436696754,101.69096836241387,28.930072535562665
62,66.89787662004727,14.120537760494003,0.25267853643456784,60.00009831317214,-76.46044357150419,8.646911456627869,90.27651314016646,68.05408292076572,89.9339408331971,-58.12582229360577,22.95662968414733,-11.970844127166266,25.48121287399215,92.83427277484456,85.91389786278914,52.81000824181642,38.134697094479854,-47.35305415162633,-96.04435392665835,100.14488817520906,82.08186799261834,20.654215753014945,21.497330873170498,-60.782598622733005,82.69245934125586,11.793157045615484,-23.25860085031153,14.773405288133295,83.19383447819668,47.76127579388444,63.954425595003904,-15.089844240388224,-29.159190306141486,-73.55168823611886,2.6734164038118777,-13.694096586160072,96.95996831975965,20.296560701052925,81.1443501889862,97.90182596629364,97.27585837540882,-9.415505654839109,-77.74657803420946,97.75075686199057,3.33823082703012,66.0755726940564,-97.91862358283772,79.5945523087532,96.60321249950042,6.1256389404790035
63,66.24909610731726,22.817788939529464,-3.506092299331393,71.85511052541403,-73.75847940004542,-2.9047694456073403,96.36516424604119,92.67904861285103,85.16927918966142,-68.92993077202075,17.094050230222592,-4.534290799834563,32.783178446419235,94.7817936369102,77.9562885442198,55.92882041985604,40.03820934359496,-47.44167565862135,-105.93467269549332,97.15033762927263,68.91932125032332,26.030684948693615,25.234664274293078,-57.69774151758548,70.6941047586289,15.13482058942057,-18.892211974623443,9.021643067184542,68.5544496700318,36.86615542891869,64.5321215103757,-23.544786528411166,-37.97697202816265,-89.2239749552764,-0.7037393293593261,-11.255278232875451,91.75507614636354,26.42227717212444,63.41139095069131,93.76178443298512,96.40082028072094,-3.433135634032606,-94.6028598961241,94.14836887420064,2.1712339418048394,65.43589751996302,-105.81655775124801,79.21175711200151,96.60201200921675,19.623775341894696
64,67.09147421897667,6.809390442174271,-0.9011090345268,58.11128729563728,-70.8766529900714,17.36851467705119,98.48978175915451,103.18695584921565,58.072086977333875,-61.003297552679065,20.989019639331058,13.893146148231944,28.71317914386384,93.24009214975904,81.27177040388044,53.10049747677538,44.4749229380275,-45.6304934713846,-91.7993006397003,95.36208153287765,62.864097347391336,23.329038370401346,21.972085346829722,-60.47916750498105,59.780337224016456,24.46729310609551,-22.16999806257728,16.153807583969087,60.71416258909886,36.753651208868774,71.44413540030996,-21.32541215116478,-29.965521055480544,-78.73620484675003,1.5355147067930242,-12.215708967243796,86.83728240536925,22.48767948967041,55.556547079126254,96.89077727511318,97.03906523369893,1.6607415580919187,-81.2550941942446,95.94105187146022,-3.0466301473354562,81.80379168381485,-92.11678952171445,79.90224499713786,95.9934065542232,17.82266772774808
65,63.054478686147476,11.799507744849535,-0.836777476495008,61.01255501904427,-79.31991035939193,3.330679428726144,84.83113031424118,85.70814016187218,84.70334015352398,-72.46185145378465,21.989891983592898,7.476528823675013,33.82643534208664,96.3134007084512,80.65005285210374,62.329001439083115,41.51258607163105,-47.578115116104385,-90.14844536000837,101.38859738103265,77.38841948205301,20.68484250356315,20.24230619195687,-57.76911792303246,78.66685262939596,15.545964226067571,-21.565735493239437,15.086373326186092,76.66854754358191,35.80544442262279,71.16494867065819,-21.885027504809308,-33.30625015256799,-83.67894624210429,-1.3248768542035387,-10.937322761904383,98.9456700588076,19.335950560847746,60.775825119104155,106.12130419787515,105.40344393894054,-6.369630773914342,-85.15287718702062,107.1996116556173,11.542150381936697,78.46542101224756,-90.23665791895176,80.21011758594777,104.86101767217471,19.15953895259271
66,63.397250228683355,16.362171291939305,-2.895858638362448,68.9489006041628,-76.10956902783782,9.550583822044533,104.91616839814361,95.1427316054109,77.0103027855475,-72.14010751939783,31.717536783176207,1.1927782332860666,24.757055456011056,93.29962385597202,80.81615541358008,57.994219618857585,34.92316252986645,-43.92954692155279,-88.9261616912274,88.93933801750845,76.45682498354861,24.309639492853194,24.75706248896216,-55.16755069053959,77.44082765256252,19.64780264361992,-21.95942945980533,15.548170256672703,77.15783089478441,45.94057737244569,60.54402580586517,-24.75716021757637,-40.691558144495005,-79.98022382779007,1.2968336880466138,-9.051933959525854,91.96428046354573,24.98094215355335,81.36557881008042,100.05072395952796,102.14252547325529,-2.5039034842474246,-70.3781124375925,101.71546918829182,-11.341035520729559,75.77218889355765,-91.28368902206566,80.68515230700665,101.55443184382396,14.760032398397446
67,62.017742034993425,-5.941112414988739,-5.8569675453236005,76.10801769651329,-76.23671216479173,4.681789891008383,86.53399324442078,88.27732377685956,58.33465879390589,-71.07351131858853,23.78001528050637,17.07783485275003,15.970757241924153,91.91470991454756,84.39090887364952,54.06414809472435,40.30056866087462,-49.83338933529739,-93.83717959835799,83.91527897168,66.84666490336132,22.370267954251535,23.424199443346037,-69.94093201761929,67.84395826446058,15.995041214068419,-10.831982883012431,19.026165492822546,65.53669823506198,37.85998482693748,68.33522916228694,-30.13577053208157,-33.011077685764675,-76.4853602623582,12.264459912111652,-11.756835001646492,84.95872634425193,23.200766309191746,73.33922595354217,98.75625379520507,98.95422295394864,-3.173578916553931,-86.99090584862631,99.27534429659106,26.77933433464417,65.49744279760867,-92.00410028847561,79.65867592457553,99.35216262637891,29.15504967544334
68,63.08789199313406,2.4751567663095937,4.8282852921248365,59.844101901086624,-76.12367994891517,-3.9227232285836573,98.48912883852452,95.17767731864012,76.36352450170403,-55.96434261775254,20.657722506867948,9.768147903862749,7.663791664283956,94.66073671608085,79.70090269881419,58.90008427293559,43.16519081834494,-44.070779686400414,-90.23082543813224,100.225505244816,61.51576003097502,25.21177397011739,26.007573684107808,-63.987344964754655,60.065881534121,23.466739433861886,-14.732360706790782,9.58809443451834,62.47124619223442,36.707845072542355,72.44739122440765,-15.317012174027337,-24.089663513027844,-73.4478643271677,3.5200359500218235,-10.603404013585086,90.45127665588389,26.420794865411946,57.03704060122182,99.04186349036816,99.3296267759576,-3.947170881046229,-80.73283498202865,98.58115938037281,21.472112053176332,87.56683354262165,-90.4288939218135,79.74492376814864,96.9992901132811,23.177982389918327
69,58.76679503045321,5.542015104851907,-11.371426671276867,57.1866452470026,-78.10946908791259,8.037114605546089,90.4199570445681,86.92306204868183,75.39309398393792,-63.19082337031017,24.38185119719951,3.7629513953671836,16.462857258335706,94.55704886447185,83.39936295303315,58.08488709778424,29.498646410938647,-46.479900834839725,-104.13588427645688,98.06480392301096,71.48571905947284,28.881485260730756,29.3688370716209,-60.20355464528634,71.41560696537393,19.464919459829744,-25.544803210532287,11.38533033373546,72.16392800967122,37.702301258675256,57.98876888051899,-12.984892881459851,-39.55239484996574,-90.49548261508464,-3.180595430212663,-8.486717402786997,88.9570916036062,28.482910365160087,87.24693533812658,99.04267385770898,99.49015077293977,-4.772144197085317,-83.32186919786707,99.66298588068133,12.510493250748436,90.15913637008067,-101.65821020112726,79.57241587549309,99.46326295131061,7.225139120173111
70,58.71379116182375,17.176236157223414,-3.53669949115348,60.38460268948317,-77.35435599242155,-10.054974801931012,95.07364968527321,103.82145269002869,80.26845092208447,-65.27656178375194,22.22634030568311,11.49528773872491,19.914692249048464,97.58523141601657,80.22512827600053,63.399439020807534,44.0208667141149,-52.71496717238673,-97.71414738560293,93.40169590293367,53.610049507450256,29.68457639459545,31.221679484435366,-56.587000611208445,52.53965373438824,28.068394643534305,-34.10713980996574,15.03069126674036,53.29745808071701,39.454549790434,71.45348458801126,-18.86017154581059,-39.8462868048261,-86.14370044728621,5.0804274356445305,-7.331708701983645,88.82406502422829,31.510023601286832,62.120923564645935,100.3221200332045,98.9118869674325,-2.878349889417884,-78.13799211875985,100.01039469977333,6.272283207235456,67.88274568964604,-94.5991868369202,79.73841307341995,102.0504856132732,24.193972645563647
71,70.36249625574183,14.381299387142462,-1.297573312760223,63.47846764780758,-79.76138981118467,9.03517301220783,99.83549986377713,96.54827859703892,74.88062989093753,-77.85086817091991,24.554184246359984,8.131646663543764,9.911697017993443,95.24262747766855,75.99926390106012,57.546029465119936,33.57173706511609,-41.29684424023242,-88.38572538314403,87.33314226126362,68.6823991887638,22.32072799243695,21.976485035709757,-61.64694920719617,74.47143671008578,30.288169884518517,-22.151596252483913,14.691892156746801,75.60860351762581,39.677437575840976,64.57629801404642,-26.256430116188767,-36.41933641655363,-76.24482209046649,6.7458854825086245,-10.959451831642475,88.39187108095452,23.59443461256594,68.50421455088136,99.07542116077467,100.08261484806935,-0.035677914081604145,-83.71557561514068,99.88516070320523,15.54623077570687,74.47733276703599,-91.10277889852175,80.51569666055246,98.88481680477342,27.372243141235895
72,65.20357770968123,15.233565241882992,-18.4242402636374,70.02613998417283,-69.28986982484179,5.18678961474101,104.48497075750677,88.76554935274987,79.59526529227972,-62.00760124638376,17.767046989819526,16.03710229308275,32.2603094899764,92.49469347688121,86.39216252272634,53.25101383887247,34.6178343377414,-46.325412432756515,-84.51147605174131,108.95409002977101,72.68951179455013,25.040124532532023,25.26485264192052,-62.0805696654611,71.77120221542674,21.334672878862616,-18.097508179553618,14.080263437026797,71.8705975636569,33.72647515604236,69.06331371513267,0.754114576720248,-31.332030010995528,-69.84664549997328,3.978978737752885,-10.442363561634139,97.73760291315872,25.681665121628882,48.64731529251941,93.7849285898957,95.20096763762736,0.3678166635658925,-83.21328589865965,96.49700771039949,2.248300398298266,76.09664020276304,-86.82821761513047,79.73245465505796,95.64176481208406,21.21205113647109
73,69.3726663118188,3.148626557597722,-13.042257075154575,77.94959266391648,-69.8553733796495,5.432936562444975,99.6432818585271,84.99070131835988,70.69472644391104,-64.8543728964271,21.53134859606521,12.611677018640302,14.521966985642068,91.78128101829962,87.72039986950426,59.99692608500182,26.651266480606086,-46.009105636383595,-96.18315747652102,90.03412351108352,71.14041744333083,22.340436627955707,24.427850707280673,-62.75146802918243,73.21679120920767,18.74722661536506,-19.18738006033081,15.105847449305767,69.88206085265314,40.34330293810764,69.99418195184953,-14.563574755350096,-32.59372107283495,-90.19258567690433,6.280299665170668,-10.112820850897585,79.17507652243991,23.30425443362438,61.82539239449923,96.68921621329467,95.1851736315618,-1.000062002966352,-79.42022140515556,94.99424627320911,4.2799024169226065,80.23203511572454,-93.94975423118696,79.88886423402109,95.66208277988585,30.082194563411484
74,59.20776150909439,8.42980160112717,-10.474370338370543,63.912932807038686,-73.02940486600106,-17.638500060772873,96.54238147370465,87.26051069557012,80.94762096849176,-85.53187493706415,24.010883741595023,-4.791542081519829,24.747161995551846,91.17638852403962,78.50367363709105,51.739259619688845,19.61289839573824,-46.70530088712051,-81.16773952662237,96.3323679591464,72.36763812768038,27.58721963479902,26.769989476202504,-70.00632667878574,69.67042106980995,17.4456926928548,-16.68258190800503,15.79421289229987,72.0434452503814,37.91089040727807,61.07832285812837,-20.802617556372113,-29.17916320097093,-93.75040452929474,-1.3455949731300967,-9.545320715941083,91.01561759405733,25.664291666035545,72.39806250375176,91.32544334528446,90.99910411143163,-3.144624653148835,-83.25762016067841,90.8682583564233,14.255994489669064,67.17343915640248,-78.31326979807983,80.17284285681313,91.88817723497117,14.369883237239623
75,63.404020563454885,1.283931388811741,-3.5727961629293397,55.812903427052305,-74.278729113561,4.032112697231189,102.67209635269614,76.90677383645985,68.87678220113433,-59.92561074823586,21.51590413161304,18.748189327734842,36.17783800934493,92.91614006371988,79.19204319731321,55.62612531661095,26.06667240939814,-54.144548639628496,-101.09310786444175,107.55933550809411,61.27465640527775,24.421486072995894,23.39159272334262,-66.2019351377649,58.211713282730656,36.184813424605665,-10.336091913208326,14.226304770371508,59.355064941408386,42.74846111097682,59.56840476818596,-10.502456983287338,-43.123327968770425,-91.52616170885022,5.969254305078325,-11.949026829110206,97.13426953639404,24.99855931937669,76.6805214732835,95.55353013990155,96.98041079939178,11.398686766085435,-83.60642167272356,95.25800924118963,15.72116641629496,76.95800190046674,-99.4199731703161,79.34359324214819,94.78973574931724,27.6484420346627
76,70.13189776610322,-0.09778998993757604,-4.126186015739028,66.71071848580632,-71.52676122500425,-0.4955017615896966,104.97341952699017,88.76869873634554,74.32332077663858,-65.2329020732982,22.50130637642494,3.3292221862228955,36.827397370929866,90.21639934903158,81.17878793080654,53.56362485423533,54.540380915577856,-47.68886292989085,-87.45286501757394,96.42804123346971,59.04808500985681,24.35742772251023,25.935632769914168,-68.52285560078556,66.27434760601652,24.57203981509148,-23.135436270650445,9.059900611818698,62.34136288685146,34.403796585117085,75.28651386410026,-14.166188950696071,-24.443571214672396,-72.63564570763373,3.415558239011248,-10.131291897851549,85.48920018103324,25.740437886982594,56.16305913835051,87.66741344847482,86.78595794864273,2.2749629582292847,-89.4970181086511,85.75983504053835,8.163179793181087,74.83868316220517,-84.59605247305885,79.0627263096375,86.20743141822675,16.047246185453506
77,67.11401616338846,29.561126586019594,-13.162976181797543,71.63678185105927,-75.22534034699905,10.79574447876654,99.71832092109824,84.47917493159854,78.01733832537582,-66.70749479291236,21.62982711977749,10.092528481878523,10.477279184237698,90.96706625396925,81.75573185608803,56.39325292970732,39.25809495730004,-45.13086761372833,-91.35319581317016,93.9342900922974,67.29874734347418,29.463199353528044,25.71199830898702,-60.977608145722414,68.47629086357462,21.36052157064537,-29.827303200319292,12.538537104962177,69.7338973994937,45.37789579800048,75.19682424624133,-27.128902186470054,-27.342618593582138,-80.95130312097889,-5.012318748741938,-12.149912898693396,85.06769949714946,26.09774132545398,70.08719051412038,92.38446181036987,95.15851200169176,-1.8022799676307815,-74.58152586157742,95.66879149283983,15.686812825138274,73.51399438537358,-93.27821321328739,80.31679759512386,96.89010222911361,4.7184143699225665
78,61.517606537105436,5.703190321808139,-9.83134974359035,60.94241837811357,-71.65638580710933,10.1266269471211,96.94074729341862,107.77816911053888,75.70853726786561,-66.6002619592256,27.052203801834338,15.667131843884913,21.96076116742944,98.27050992829157,82.98047122766494,60.154624156798825,32.8623930692364,-44.33020036309288,-90.55720004139181,103.40858366956428,81.88017678824876,27.021144180967376,26.014047904341865,-55.17774185761907,81.89335682897573,10.583695068175203,-24.695008696129385,23.249242201621385,82.82414879271393,44.03169913922782,68.38262063730505,-14.651511741727061,-22.713606308337056,-88.072023518919,6.5013372136965915,-10.735883442060667,92.81928920621581,25.240913870150447,89.39096689068116,100.43805987228059,101.77684661856884,-1.3881100606200358,-84.61858000486745,100.309283105091,2.1259720661582495,79.81505589206812,-90.27504959451815,80.46551524582475,101.77105522950961,33.62466390980243
79,69.46404218632856,16.180124757624462,-3.5388964104062897,67.73064726228003,-75.32917856163098,-9.397281640687545,103.74637705550798,104.43220894534268,81.6656166056803,-56.42742043242382,26.63938058523485,7.068410335143095,24.746599038094573,92.48704837897218,83.24818523643805,55.33891644553765,11.289047245373283,-51.68683696228063,-104.68092840811009,92.55301688309326,79.09418872914418,23.049494627796857,21.86306842557732,-64.12067753308335,77.23156701750511,27.792150913564907,-10.638447425533702,15.673443713323454,82.48667363653351,38.03480042951698,59.67926583591069,-12.580078635545709,-49.39859150959582,-81.70969766420954,6.5894915587047365,-10.848567238918022,84.73477397854309,23.162441390330457,81.16445245215176,92.34141151874859,92.55595458020476,-0.10278512214760954,-82.67893272035265,92.69702925744305,22.509825135562657,82.34874367173401,-102.31433356823379,80.29224585330876,92.06503648223054,27.34214887780201
80,60.864751329473506,-11.19950747864021,7.974379354939382,59.02833780490898,-72.61267238535335,12.147759629575308,95.69639547295776,105.71032385186211,71.52053202399665,-65.48667131881261,19.989835642830954,16.527957190405473,32.69278100555473,93.42077917155385,83.80501177135784,56.63356826060449,26.995446179625414,-48.319240925249424,-96.72093073677377,88.08636749618847,72.25264845135759,23.117034184429944,23.603129580909894,-60.2988633764953,66.7386287575701,12.677592501524392,-12.122803873603818,12.458452587628836,69.04620875048222,36.43711395388872,65.30195168187073,-17.296576943459023,-36.31697741785498,-86.6722036218724,5.0476444814524415,-9.697638398498153,85.96028524976398,22.542174440914998,50.01402968271625,100.33671715816072,99.78561579446077,3.8029642817344786,-88.73428911963839,100.014383484732,15.77601818391933,80.45257694761027,-99.01770650286237,78.59855556811848,101.1711459105383,27.001776097015764
81,70.16095263069029,-6.954149783662993,-2.4272773872776305,60.24937628738701,-75.11860908638683,2.371376027997758,88.56768300500718,91.98862221745414,91.76553748511508,-43.98467517200086,22.569782655153066,6.4170397633850635,19.089428337279873,90.86353732524219,81.88156032798366,57.48112354766431,22.902903139998806,-40.3581241809878,-82.27620286301524,89.48492314643545,72.54914350617025,25.28846985598889,22.207875082877447,-68.59477117488814,70.40629335190691,14.656183610352628,-19.44139009922442,14.821415776542077,72.29545943131566,46.6178279714356,62.27124067863153,-9.998240158183176,-22.814166629056736,-91.90061711647982,-2.8381563960246403,-10.583345119028406,87.52895586276328,22.498452859472792,74.69338832713004,99.85619435608044,99.04562131349077,-1.6247329110235553,-88.30930246472032,100.61991280170733,6.320070776628027,79.70963633952606,-88.02588315363197,80.4050468548712,99.71170490538887,12.150615412702898
82,63.15283032250184,7.045878837705237,-1.6549710897539276,49.86774895722378,-77.87431403058055,0.3471093416444877,101.36542363119014,81.15724460284414,82.24163998999168,-70.13813882231936,19.073891270337747,10.830789419640736,32.14107789326405,88.37659374101574,79.43442255029045,52.27363198354611,37.69796517937512,-49.26895596488253,-92.28676567728772,100.77922596223237,79.30302179799799,23.899820239741892,24.652671374624173,-74.04238849219482,77.38023229947378,11.814131691215046,-10.405482961178745,8.457671607368788,75.25196452221755,45.603240549614654,62.71701172180839,-28.303728284791063,-40.07752492566961,-93.2402266185217,2.415648464381268,-9.234519153110165,96.35831502400106,24.589759182749276,75.5307154548798,94.9030976474686,93.80302898257716,1.3671791971656442,-88.3571565442432,94.28797213727452,14.332053210506984,71.97701508912064,-92.32731992063181,78.99547738509294,93.97204747667949,20.062422289414243
83,60.76162818350313,3.798975132615446,-4.979645494450909,74.9476207040077,-69.13257723978356,5.871626344002525,98.50632173861824,102.71900911715296,84.50630143608609,-50.14645245420664,25.76941825985391,12.442661474127815,18.77421428927294,86.11498382275873,84.33230592769608,54.53976278671294,30.69567390961196,-46.901179660189605,-77.13833087397198,106.96067824248465,68.78385635648269,24.2186976043608,23.54532516150465,-65.95443891869283,63.77585467041712,14.103321428062213,-24.323815148997824,20.03899477618186,69.17181941271703,38.45459804024301,59.21392553135478,-21.865679993117627,-21.30307812619313,-91.2023877420194,2.979510094228716,-8.30403551489139,93.71858368254446,23.929658402130126,73.73828577524166,91.92291754822125,90.14786396231219,-10.180176396996163,-78.51333296355097,88.7598350913174,9.793894996066527,71.57594985696426,-78.03788941708574,80.18375547960213,89.24584157507638,24.50337869160867
84,62.76038073236895,6.993233428217575,-3.336905236035683,81.91409240694095,-67.82864871707874,-4.357259820322632,96.87620032317265,94.71259301621235,79.41964198942767,-71.85112033363193,27.190824627245274,-0.7136935328769489,40.7252774469249,93.6030288405027,84.92138999032873,55.22625845550134,22.316089812191976,-51.67692505770209,-94.95476536308959,104.7486348554016,77.85666637752908,24.37608887713529,22.882913417838623,-62.50469861310102,72.84320739970192,10.68470287407444,-12.23529176119731,21.571583178115958,79.54782802723419,49.93653593022871,66.05220784441742,-4.117487422924469,-36.801501991595515,-78.86341191231365,0.4100398925925086,-10.651241360516892,94.34078396956123,23.491293943958073,85.04712476675726,94.1214300933674,94.12961456793349,-8.618829174821007,-66.54643821162837,94.10922934441501,4.341936300481476,83.73367020233498,-94.45289766598302,80.14586012434138,94.81416300600128,14.001864634599464
85,66.3085179493157,-7.0435751034717295,2.7778506983913847,67.81262152605954,-81.93194543616093,12.10880454107905,90.3058213874822,99.42134915747505,74.49198776000492,-75.61934753921621,23.295580134907908,21.09738460926227,38.22277048863826,92.04756920204959,85.53756881877226,55.81154954886826,28.523796495049453,-46.808940953741846,-112.55138713833892,89.79060418014237,76.9344964211391,26.465027113425798,27.509001311649136,-67.01074737921265,83.81709729307399,31.85432331583493,-17.01941515104329,15.450891562978285,80.85997204013503,40.9338837634655,71.98612556589858,-17.53607365771274,-37.429692141301594,-79.82848539716119,5.611717409594901,-9.356771063432632,90.4606575953056,26.456670255413663,77.3618619443463,96.37463682659798,95.68944240103812,0.15690964773900185,-86.2021555796817,95.30464122577233,19.193893358519666,68.3489336538298,-110.3422173327004,80.44472524164877,96.71675956223096,24.509716183434076
86,62.83614082781259,5.320447897670712,-2.021170038295026,61.62887991486612,-78.39533228881976,17.719916761533668,106.1562232480487,96.09795945625746,75.72798075425526,-58.285401499616114,22.27547416737537,4.420231422461127,18.918165738885428,92.07999430040009,78.61755435626051,51.268686067183225,29.976279447127624,-50.04772892706891,-106.76051865229823,93.15484285182893,64.99289824476611,24.305839897718727,20.780165990248403,-68.05050944855383,66.21865131638668,22.10607303387427,-11.358214542858526,17.792800237945595,62.55460110185511,34.147142889964684,67.43483949938265,-14.034038720907969,-35.02872443418375,-85.49217059745956,4.674341477631807,-12.57960900728045,90.6520111128986,21.227261602371428,57.20440349174491,98.63914317970521,101.5701199263909,3.8416725306413992,-77.5911678272909,102.02691056180694,20.185746112786934,76.81705540247039,-104.24413487945912,80.6754734714196,100.34374546078172,23.055241826988325
87,64.50695304500688,14.846547821934138,-8.409085850071214,66.62778809611912,-81.62680059944009,3.8818144523831615,93.6435541436008,85.49218160333834,75.96269623098229,-60.76637234511126,23.17473541308114,1.5096764276425754,28.60690654005839,95.39233052690496,76.01976241643058,58.798765818321215,37.989587150219506,-44.72498585732863,-89.84789388958598,101.68182340688111,71.66588181249654,21.298867183564123,21.87786501340557,-56.706068590974596,74.23416959387781,7.479610126069492,-22.061220166639014,26.680180492880307,66.72922380492716,45.11482555101671,68.00589927543174,-26.27114872119323,-33.588343242372005,-71.00909605860384,-2.9508809394281847,-12.15481355550109,97.10533036408623,21.854995030993337,65.99522225898446,93.68586048722791,95.67916845564746,-7.337414547952059,-73.48799876424275,95.78283253361779,3.15220538913161,63.83847169054378,-89.34029447362279,79.56966101038319,97.23586298130967,7.595190275488015
88,58.97896779979646,2.993812899591407,4.882546172120499,69.72736363913138,-78.30470949272376,-18.649837145482675,100.32366023995668,87.91006663057458,68.36100598251372,-57.68558095827263,19.40332039983275,7.203081377855805,33.541199765134856,92.09898311501,79.55500747235546,59.04543210226638,38.04488789974756,-47.3901661239072,-90.59973233284283,103.13671378329073,63.254177469077256,25.35591889547742,26.880063262659625,-58.836216808505036,69.19268352613187,18.183957382846764,-23.55562912056934,17.951365069287,62.59079787552055,35.59464062007734,72.49769097719381,-22.40440691543844,-37.92809915508302,-78.4308253650915,8.11278327201568,-11.14532422491968,97.1248089032987,26.784222691742954,53.01804257957261,98.65084947286348,98.35624938927928,-1.3940783155880951,-74.20309283307297,97.28834537899812,4.171906763058904,75.35471989939694,-88.02813396730528,80.26002831831075,99.06099898803167,22.554158241780478
89,62.57958830128463,-20.10836617301287,-13.32794772562418,74.82698404260238,-74.89534302430263,-5.133029333537789,105.53306392160864,91.05328589610336,77.11963007368266,-80.63125918447513,24.05471392073468,7.213366561064411,13.325574167348492,92.66713141379365,81.01247460119443,56.86961781794989,18.704545057135242,-46.79942709614218,-95.93055378385434,86.73984223236096,75.74149420202531,20.761841828753756,20.62437842282486,-60.614188337003675,74.04954325342031,29.57781893519919,-19.967291652732854,8.847785103462083,71.15569654329039,44.67061233502667,58.18738447574347,-13.933500976022078,-35.69900892845525,-95.28782472210588,6.366482552434052,-12.65612078065733,91.23360763757243,20.84388456914803,73.94906915817695,94.57282643225618,93.3612545740386,-1.0628986805561174,-99.72982344281195,92.71967133743816,18.693195192306625,76.21616198157015,-98.68150110753089,79.76908920547939,92.92105086135346,26.589184665126957
90,66.56249713937731,-11.281836823925861,-2.384219300068009,69.071479565226,-83.4458081819326,10.479063743457562,89.89078606470603,84.68634685071711,88.77739932351088,-67.73783176210854,21.95746607794298,22.474685207044438,20.246322973611857,90.48983427888638,86.71593684066104,54.23474678035279,36.00517324911769,-45.96167425502513,-86.39003326711216,89.637068328093,72.89928304449538,26.233394001704223,26.835635939577113,-64.72852780839334,71.46103290905316,16.508440967601995,-26.43612190727226,6.447093638284317,71.59309620378039,35.22492076323364,60.201184503260805,-15.15660688016355,-36.79018271460812,-90.4428556438262,7.010804112671208,-9.653802966782077,84.12907790977734,26.070679465699293,59.41262844251997,98.01878251352197,96.63400850720883,5.6766923360734385,-100.54610375539984,95.27134526021868,13.934651633283107,77.06942813323721,-89.3145821777306,79.21945739948828,95.60892527900748,17.631434635145965
91,62.42658559074404,10.912603317511369,-16.16180737637189,62.343842614579074,-71.09405222886193,7.647093240002923,80.78081092054569,83.47671587725182,82.36272279461048,-69.0905294248169,27.403843182746428,9.50130374151776,16.801984353638495,92.87817594507732,79.95601124340949,58.87552556657743,29.834066901562004,-49.30354504316932,-102.89622523223812,95.5918236133174,74.51832116478458,21.84276046660885,21.515658379738493,-61.438156934304125,75.2068341958241,21.106034781577108,-12.313037636397809,24.484900029939247,73.78966602218675,42.60357059567033,70.53292952136326,-25.39460738158912,-44.22482586890181,-86.33388813298212,-4.835948080764279,-12.530895214474478,87.68959755276511,20.848864866854203,68.5549506468017,96.29231699281974,95.99221215580673,-3.0824752343392987,-82.01757207121227,96.05755102297314,15.093652515280898,71.69104577611971,-101.61192521436992,80.26548175892911,98.40806571486041,16.819561723398586
92,69.55436388701325,-1.991293360453998,-7.972032496910132,62.71569868559911,-74.062663174826,-12.367937510994564,102.75828898821385,80.95227273014548,79.94600211712144,-83.735987536995,29.36614804445009,21.00045828817778,22.912888340731794,92.40872352744223,85.31367397837015,56.10027093200621,32.31612186428794,-49.086362267228935,-95.89584757897094,94.54584963928748,68.92229331459173,21.345722154301896,19.946753990913617,-65.6839748501618,72.65367763368845,31.981985108302247,-15.227553503397829,25.56656332083838,72.5266623867556,39.2158247173955,62.87101669275724,-19.38836265629603,-33.098646182743444,-80.2792360519457,3.843822396943685,-10.029262020748504,99.28838806049966,20.688269335693658,70.46869619284308,91.05571724388399,90.8036889036073,8.642807946076422,-67.6888587594696,91.41783687832189,13.46952490578809,82.34212484687217,-95.43404783383873,81.34564265513282,91.53884608821083,24.346287056216198
93,63.528943709079286,-15.680717325470209,-2.5369398269426173,63.50799313547036,-68.42610171087057,13.403479571795444,90.59708282301337,94.31435593207446,70.73795794551546,-75.384966563045,26.901628867217532,21.26705413979767,34.2416916367867,92.55379454534717,79.8648982452679,52.6730604059654,43.76034081797592,-51.56541803858475,-95.95275423636848,102.58304021457094,90.40003874056333,28.529736226356494,27.90876965110504,-66.3728164597709,89.69405629222379,21.878821885893945,-19.96581930026564,7.267227977365128,92.13289328632887,49.42585463762037,68.26153795811658,-21.76056090616685,-31.17663887866382,-82.76641080548286,10.265600414591063,-10.341080438197425,95.2920176976453,26.37960517607187,88.96642852201558,92.74435210363009,93.89318289631818,12.073798344314516,-90.12491156358766,94.83295604110788,16.872620180833053,71.68067923572109,-98.33309657534922,79.70700627039058,92.53964403083978,29.349595308245444
94,63.42801810891864,-3.7296844720576914,-2.0282598694824423,69.6355714971885,-69.74162948252356,13.296202777561424,93.60527381494265,86.41838946596484,75.98847831659417,-63.44544403908297,23.539690099225854,12.034360396903413,24.567925823889205,91.87866358795286,83.14306731337082,56.37118837834586,22.56472866246135,-41.93481989024273,-84.17666269040109,100.14455264460142,74.78126295836502,26.56428449664841,27.96917801776287,-63.585130512616324,72.70468456286683,9.822499146650097,-17.558615338651293,16.072519960271862,75.62589315892077,37.5573781042849,59.813952106014646,-14.908816683901875,-30.042718709001495,-79.95095716797407,5.2535367333215195,-12.774456060468452,96.03777164579586,28.32393467229932,74.04337213183454,93.8072005050013,94.12531730292032,3.439936088049308,-90.29704803405217,96.98461194852312,3.570000879570638,73.14341477221683,-88.0819991297812,79.65899055896303,94.31520372076456,16.5251034056029
95,65.77148474233736,-9.209374558925052,7.94634829217277,63.7271336478212,-72.18417212709251,-3.434613190067701,93.15376591157761,84.10575955984478,72.01215108090709,-55.46125530715706,24.104997092349222,16.21524387235951,19.499739644853193,90.90393669218764,76.62480348700358,54.08914585970311,31.63339579769415,-45.51061483713304,-95.52062759771226,105.23488453630802,70.66898262882586,26.243776153186467,25.60344687101521,-66.60011480318477,68.83955321907884,25.29752973301958,-21.32879684630213,11.216543877147057,68.53852793436346,35.681030189774944,66.18049625226851,-19.2711311717256,-33.351120592155496,-83.36024903381004,13.613622243159792,-10.748343091303159,99.06554826641667,26.90950946230888,59.281698327680445,94.53368268451499,94.01968404713347,2.3961076550282994,-86.27512639478351,93.39618672218883,13.832044678756091,62.49905321063742,-93.98479775517667,79.57230051715513,92.34287028982396,26.44754960821664
96,63.20730491254124,8.205323239132918,-4.374003878532568,58.107680889061,-72.3281520172614,-7.910984027015626,96.1889121426341,99.72280033476117,74.97109849796962,-70.93959784327618,22.7115837262106,-2.953682609482204,32.76127124544967,92.82401265970589,77.79003139696513,55.081936565839655,34.30601125899893,-47.957050706793964,-108.78204019837601,105.47466171671269,65.32734278736596,26.278984142758045,24.46862177842937,-55.88374034885851,62.98239928103812,26.950440258989076,-29.283730877280902,17.580638529390743,64.28712583770627,38.62488205734068,64.46218792469809,-25.57672659794831,-37.29687106566348,-81.79420024384235,1.5859532707758768,-12.721095429112552,102.46709873330606,24.323461107356923,61.136523298089365,101.05752673423862,100.56113687896607,5.204210219184451,-79.9040237383181,100.61598639667281,10.213381182505213,66.29340706689797,-107.62537563147971,80.2534395949943,100.72535032908816,16.88657776260866
97,64.56969259416813,-3.480171600533698,-11.890587073056606,63.01520721790253,-74.68233775664316,8.290640538361028,90.69238902190202,95.21137000095017,82.22139969195476,-58.40455164360639,23.95682736927827,26.021810751375423,33.880416405537474,93.27221724298856,89.35609571347746,59.5448036497802,6.91304348977631,-45.57016562212093,-93.57438565600332,101.71095341167509,76.55012354167495,20.13041265997264,20.662347268330983,-51.69945747095781,74.57789347124185,26.802890918659212,-25.2519601116986,17.84034472623264,81.88841437650987,41.41256124959333,57.7518063625663,-7.9749442128829955,-29.85557760983706,-89.97469340556395,8.652195145073438,-12.201736722039948,99.14040208947492,21.230176849249382,71.42949525197844,103.132780420104,103.0227189314411,7.563312595399815,-76.58838832787995,100.22900943757911,15.24487885422092,88.22419383491504,-89.61506473629804,80.24306431325404,101.75124468962954,25.21530469734165
98,70.68740860944827,-0.5051613237262984,-6.623700491925946,55.13770465159698,-80.18679322784978,-6.568837758854746,88.39852214689013,86.26060173340262,83.64690600074198,-54.63976503706736,16.116923203408902,18.727352306374243,36.16714695962612,92.11393337959426,78.71104994600607,55.63399965779212,28.79534584948795,-49.20569858437501,-94.78183782819346,110.046009708381,71.13529277662117,24.73603562583815,23.552984058563354,-64.04116656494577,73.15661005856012,17.274299470912332,-15.340839527020464,21.773477457451573,67.28234040119524,34.59154086704256,72.56426072047233,-26.056211502204135,-28.301359760388813,-81.92346492865812,2.256641220839457,-10.184117059739748,101.00253006047998,24.050892634803795,58.40069337190382,95.83990498359003,96.6287421234471,1.5901278752351473,-72.6182904843007,98.64714672794639,11.770373682793453,64.04878794716218,-91.95830233032443,80.68516657385412,96.9093503276788,22.092572740247054
99,60.751298356253365,9.343938511240573,-2.2612019910670553,62.870827781263195,-73.18616839202632,6.6621837070823355,100.86175075539047,97.25307238350231,78.67846569803514,-65.881554212103,17.424850338109692,-1.4277655162953753,39.51607248188033,87.18868220001251,82.34762809250131,51.065416333011385,41.07042337483844,-51.763944429759,-105.44029393984017,96.2543430769031,54.663559684441424,27.034212059590327,26.47318834447544,-59.928342056205054,57.2794094544656,10.994580529882025,-29.7446642315799,16.730134891564617,56.353932581123644,31.119492355491413,72.35423670439312,-18.716440425003192,-50.544865397645744,-67.75890039511893,-7.437111408682673,-9.441530287688225,96.63739759545204,26.537293803745776,65.15882411963679,93.97297392265165,94.49968170950066,-7.739059020793697,-72.17380641957773,94.44909803739586,-0.9699778489481048,73.47319175990027,-104.95665744897715,80.257806380244,93.32281839502076,-1.8622646582869642
